YYYYMM,MKTRF,SMB,MGMT,PERF,RF
196301,0.049300,0.024818199,0.0213493902,-0.02275123,0.00250
196302,-0.023800,0.0180957537,0.0109613701,0.000873805,0.00230
196303,0.030800,-0.008183017,0.0058899084,0.0232814338,0.00230
196304,0.045100,-0.037327651,0.0001900053,0.0050770119,0.00250
196305,0.017600,0.0215184543,0.0175932042,0.0028483846,0.00240
196306,-0.020000,0.0009943648,-0.02386818,-0.001521306,0.00230
196307,-0.003900,-0.020503863,-0.017134513,-0.013391583,0.00270
196308,0.050700,-0.002230629,0.0041486202,0.0209280905,0.00250
196309,-0.015700,-0.008812091,0.008398419,0.00839391,0.00270
196310,0.025300,-0.00395755,-0.003751353,0.0472126459,0.00290
196311,-0.008500,-0.005575297,-0.014158352,-0.020970503,0.00270
196312,0.018300,-0.020187271,0.0086580404,0.010100875,0.00290
196401,0.022400,0.0072109217,0.0059015435,0.0362689535,0.00300
196402,0.015400,0.013188294,0.0114599752,0.0179862145,0.00260
196403,0.014100,0.0206563642,0.0514204136,0.0209586302,0.00310
196404,0.001000,-0.036419027,-0.007969255,-0.000054514,0.00290
196405,0.014200,-0.009222268,0.0085168601,0.0192072685,0.00260
196406,0.012700,0.0068836527,-0.025273748,-0.012696653,0.00300
196407,0.017400,0.0085069706,0.0176631727,-0.012363787,0.00300
196408,-0.014400,0.0071466973,-0.006919205,-0.008885346,0.00280
196409,0.026900,-0.011311107,0.012957959,-0.001572033,0.00280
196410,0.005900,0.0059183256,0.0038297769,-0.006235726,0.00290
196411,0.000000,-0.010449217,0.0082386641,-0.000977306,0.00290
196412,0.000300,-0.000676284,-0.018551516,-0.000817293,0.00310
196501,0.035400,0.0252695959,-0.007873157,0.0031369812,0.00280
196502,0.004400,0.0359613868,-0.004723771,0.0084417244,0.00300
196503,-0.013400,0.0272765429,-0.003277285,-0.005296635,0.00360
196504,0.031100,0.0199291949,-0.021635266,0.0306795807,0.00310
196505,-0.007700,0.0031116342,0.006467603,-0.006759593,0.00310
196506,-0.055100,-0.04651904,0.0067774637,-0.020463959,0.00350
196507,0.014300,0.0308230114,0.0100587578,0.0201716589,0.00310
196508,0.027300,0.045887133,-0.004058196,0.028406925,0.00330
196509,0.028600,0.0049011081,-0.001827136,0.0153960827,0.00310
196510,0.026000,0.0264956915,0.006248313,0.0241760881,0.00310
196511,-0.000300,0.0396079294,0.0218510953,0.0235100944,0.00350
196512,0.010100,0.0334018348,-0.001699998,0.0175543744,0.00330
196601,0.007200,0.0519802234,0.0120157629,0.0336702891,0.00380
196602,-0.012100,0.0330933502,-0.011984092,0.0402743322,0.00350
196603,-0.025100,0.0096263886,0.0072239862,0.0040727445,0.00380
196604,0.021400,0.0384827229,-0.001997962,0.0422938813,0.00340
196605,-0.056600,-0.029433899,0.0216702593,-0.025724732,0.00410
196606,-0.014400,0.0027194969,-0.009041076,0.0152900447,0.00380
196607,-0.016300,0.0098774427,0.0064057113,-0.011827742,0.00350
196608,-0.079100,-0.029914173,0.0230494197,0.0044237897,0.00410
196609,-0.010600,-0.016746319,0.0321083926,-0.030067747,0.00400
196610,0.038600,-0.050950245,0.0426352802,-0.078954491,0.00450
196611,0.014000,0.0433812146,-0.087284657,0.0695330572,0.00400
196612,0.001300,0.0176085608,-0.008119125,-0.015607411,0.00400
196701,0.081500,0.0828050732,-0.03933249,-0.015146181,0.00430
196702,0.007800,0.0245798863,-0.025244353,0.0304940405,0.00360
196703,0.039900,0.0284544947,-0.024660872,0.0366972755,0.00390
196704,0.038900,-0.006477397,-0.033276878,0.0274648836,0.00320
196705,-0.043300,0.0431433657,0.0029151407,0.0033724072,0.00330
196706,0.024100,0.0698838902,-0.045810486,0.0558351921,0.00270
196707,0.045800,0.0311765625,0.0196255891,0.0172673354,0.00310
196708,-0.008900,0.0056468847,0.0120126928,-0.002280235,0.00310
196709,0.031100,-0.005148196,-0.020779956,0.0617910037,0.00320
196710,-0.030900,0.0003906013,-0.030843828,0.0360251029,0.00390
196711,0.003700,0.0059248618,-0.027282971,-0.000764382,0.00360
196712,0.030500,0.0598317987,-0.010229071,0.002429881,0.00330
196801,-0.040600,0.039198437,0.0651137454,-0.048690204,0.00400
196802,-0.037500,-0.020975059,0.041906722,-0.016973124,0.00390
196803,0.002000,-0.018304422,-0.01627229,0.0447256034,0.00380
196804,0.090500,0.0628066651,-0.063620156,0.0639484763,0.00430
196805,0.022800,0.0875396363,-0.027187226,0.0388670181,0.00450
196806,0.006900,-0.001783219,0.0291473633,-0.049000501,0.00430
196807,-0.027200,-0.03718595,0.0416191938,-0.026666346,0.00480
196808,0.013400,0.0300343465,-0.00285753,0.0245056544,0.00420
196809,0.040300,0.0231669664,-0.001292692,0.0042891016,0.00430
196810,0.004200,-0.005069872,0.028148368,-0.011100995,0.00440
196811,0.054300,0.0216919945,-0.03700427,-0.01931346,0.00420
196812,-0.039400,0.0423262882,0.0196475489,-0.002084797,0.00430
196901,-0.012500,-0.010441855,0.019893355,-0.031644742,0.00530
196902,-0.058400,-0.039246047,0.0344488026,0.0219471254,0.00460
196903,0.026400,0.0009373234,0.0093345396,0.051775165,0.00460
196904,0.014600,-0.016542749,-0.005801616,0.016444423,0.00530
196905,-0.001000,-0.00051251,0.0087223316,0.0092983813,0.00480
196906,-0.071800,-0.034777531,0.0333992189,0.0344223562,0.00510
196907,-0.070000,-0.032202148,0.0369250578,0.0178972294,0.00530
196908,0.046800,0.0109393217,-0.073864813,0.0368272197,0.00500
196909,-0.029800,0.0227235386,0.0269273732,0.0356033885,0.00620
196910,0.050600,0.0503849863,-0.02728483,-0.03085977,0.00600
196911,-0.037900,-0.017257883,0.0053347389,0.0501478422,0.00520
196912,-0.026300,-0.026633465,0.010300328,0.048490466,0.00640
197001,-0.081000,0.0317865919,0.0640923561,0.0060828808,0.00600
197002,0.051300,-0.030959647,0.0114585394,-0.032495882,0.00620
197003,-0.010600,-0.017320488,0.0752818694,-0.001944602,0.00570
197004,-0.110000,-0.067119462,0.0831422042,0.0252629205,0.00500
197005,-0.069200,-0.0517074,0.054276255,-0.013962296,0.00530
197006,-0.057900,-0.028486323,0.0612622842,0.0740040184,0.00580
197007,0.069300,-0.01327187,-0.000283218,-0.039318616,0.00520
197008,0.044900,0.0202059227,-0.005009271,-0.057006241,0.00530
197009,0.041800,0.092540226,-0.078029601,-0.056553051,0.00540
197010,-0.022800,-0.034417427,0.035312635,0.0824681215,0.00460
197011,0.045900,-0.022180644,0.0248796567,-0.007198038,0.00460
197012,0.057200,0.0346487262,-0.005564022,-0.020173632,0.00420
197101,0.048400,0.0358676521,-0.022048003,-0.068367652,0.00380
197102,0.014100,0.0473208126,0.0012207091,0.018808382,0.00330
197103,0.041300,0.0279574097,-0.026292006,0.0159006696,0.00300
197104,0.031500,-0.00695894,0.0051491367,0.0330299086,0.00280
197105,-0.039800,-0.014611415,-0.007348721,0.0289053615,0.00290
197106,-0.001000,-0.010266126,-0.031152498,0.0115240878,0.00370
197107,-0.045000,-0.012991724,0.0157396611,-0.013146279,0.00400
197108,0.037900,0.0267314734,0.0238023203,0.0405451556,0.00470
197109,-0.008500,-0.003041523,-0.008559284,0.029980726,0.00370
197110,-0.044200,-0.017349736,0.0000950957,-0.007404125,0.00370
197111,-0.004600,-0.015544103,0.0119813315,0.0132259088,0.00370
197112,0.087100,0.0478847165,-0.038804638,-0.002756746,0.00370
197201,0.024900,0.0723325873,0.0039944148,0.0181717749,0.00290
197202,0.028700,0.0168533824,-0.013132842,0.0440182292,0.00250
197203,0.006300,0.0139340131,0.0049694698,0.0088881217,0.00270
197204,0.002900,-0.005846662,-0.014577047,0.0106885824,0.00290
197205,0.012500,-0.031517197,-0.014133078,0.0386654358,0.00300
197206,-0.024300,-0.014487434,0.0062686088,0.0233317838,0.00290
197207,-0.008000,-0.015493916,0.0322911278,0.0074002203,0.00310
197208,0.032600,-0.048142013,0.036460756,-0.052761202,0.00290
197209,-0.011400,-0.028942711,-0.003784876,0.0174694173,0.00340
197210,0.005200,-0.022703552,0.0059659607,-0.021573016,0.00400
197211,0.046000,-0.001666914,0.0207977731,-0.047259515,0.00370
197212,0.006200,-0.022624825,0.0020534275,0.051018089,0.00370
197301,-0.032900,-0.009043318,0.0315145759,0.0189421735,0.00440
197302,-0.048500,-0.029396137,0.0270937486,-0.002827273,0.00410
197303,-0.012900,-0.03099728,0.03792884,-0.00360424,0.00460
197304,-0.056800,-0.022958414,0.0567847715,0.0319875075,0.00520
197305,-0.029400,-0.0610015,0.0100815569,0.047221634,0.00510
197306,-0.015600,-0.020130431,0.0317317278,0.0173783308,0.00510
197307,0.050400,0.0277068686,-0.064247242,-0.042146427,0.00640
197308,-0.038400,-0.013281635,0.0130222037,0.0120419795,0.00700
197309,0.047500,0.0292054118,-0.007660261,-0.06660871,0.00680
197310,-0.008600,0.0178418673,0.0406269331,0.0244980177,0.00650
197311,-0.127400,-0.066784596,0.0717043946,0.0202146653,0.00560
197312,0.005800,-0.052075449,0.0136168542,0.003399942,0.00640
197401,-0.001700,0.0998072661,0.017618285,-0.056217762,0.00630
197402,-0.004800,-0.001806865,0.027529831,-0.011331405,0.00580
197403,-0.028100,0.0335751008,0.0090636338,0.0155503522,0.00560
197404,-0.052900,0.0027919475,0.0387616242,0.0356027776,0.00750
197405,-0.046700,-0.025156099,-0.006414117,0.0615078124,0.00750
197406,-0.028300,-0.007888706,0.0268092784,0.0684531223,0.00600
197407,-0.080500,0.0343727803,0.0453925608,-0.036256556,0.00700
197408,-0.093500,0.0023543175,0.0395523413,0.0074195426,0.00600
197409,-0.117700,0.0247363152,0.0632667255,-0.040643201,0.00810
197410,0.161000,-0.047450066,-0.069389752,-0.00609112,0.00510
197411,-0.045100,0.0007956119,0.0219291367,-0.009292238,0.00540
197412,-0.034500,-0.03842693,0.0479797754,0.0011079476,0.00700
197501,0.136600,0.1071366751,-0.001148158,-0.106821882,0.00580
197502,0.055600,-0.00644066,-0.021976643,0.0558510776,0.00430
197503,0.026600,0.0407057021,-0.026375675,0.0288898968,0.00410
197504,0.042300,0.0032635843,-0.01420845,0.0321547756,0.00440
197505,0.051900,0.0088494477,-0.029473612,0.0068930716,0.00440
197506,0.048300,0.0072233133,0.0209197403,-0.040270554,0.00410
197507,-0.065900,0.0231754574,0.017215783,-0.004703811,0.00480
197508,-0.028500,-0.029585272,0.0113116825,0.0182293158,0.00480
197509,-0.042600,-0.007366753,0.0054870129,0.0283262109,0.00530
197510,0.053100,-0.028520107,0.0145786699,0.0229303787,0.00560
197511,0.026500,-0.001406565,0.0120550792,0.0102736053,0.00410
197512,-0.016000,0.0082788221,0.013991125,-0.029297861,0.00480
197601,0.121600,0.082463988,0.0270814131,0.0109483915,0.00470
197602,0.003200,0.0633440259,0.0429631469,-0.01138485,0.00340
197603,0.023300,-0.016362622,0.0055491213,0.0036156725,0.00400
197604,-0.014900,-0.007620316,-0.015288241,-0.007193092,0.00420
197605,-0.013400,-0.011290223,0.001219152,-0.001621289,0.00370
197606,0.040500,-0.005275597,0.0047251594,-0.021722195,0.00430
197607,-0.010700,0.0111035733,0.0194527554,-0.015126663,0.00470
197608,-0.005600,-0.024384757,0.0091863733,0.0001043644,0.00420
197609,0.020600,0.0099382988,-0.002099246,0.0104399321,0.00440
197610,-0.024200,-0.000933549,0.0021328873,-0.020396023,0.00410
197611,0.003600,0.0300020298,-0.00365717,-0.007671567,0.00400
197612,0.056500,0.0426621221,0.0292437426,-0.023066064,0.00400
197701,-0.040500,0.0563440775,0.030404142,-0.008092512,0.00360
197702,-0.019500,0.0104307287,0.0104710445,0.0120922042,0.00350
197703,-0.013700,0.0174727033,-0.006518873,-0.004107533,0.00380
197704,0.001500,0.0122849344,0.0108619482,-0.009552296,0.00380
197705,-0.014600,0.0188894055,0.0056529735,-0.000479587,0.00370
197706,0.047100,0.0304245771,-0.009977358,0.0100160218,0.00400
197707,-0.016900,0.0173525975,0.0111248439,0.0031831087,0.00420
197708,-0.017500,0.0136860041,-0.006110231,0.026610632,0.00440
197709,-0.002700,0.0082201648,-0.001179169,0.0172791329,0.00430
197710,-0.043800,0.0186257783,0.008144809,0.0037567984,0.00490
197711,0.040000,0.0545172693,-0.009636226,0.0168150876,0.00500
197712,0.002700,0.0056524713,-0.006897661,0.0197672032,0.00490
197801,-0.060100,0.0298151716,0.0249624319,-0.012496779,0.00490
197802,-0.013800,0.0314459745,0.0144014871,-0.003292558,0.00460
197803,0.028500,0.03745789,0.0160003576,-0.006683757,0.00530
197804,0.078800,-0.004547078,-0.011758669,0.0307433781,0.00540
197805,0.017600,0.0444430986,-0.022048205,0.0335559442,0.00510
197806,-0.016900,0.020518481,-0.009991557,0.0096106691,0.00540
197807,0.051100,0.0128706016,0.0052211372,0.0296454567,0.00560
197808,0.037500,0.0434950709,0.0009299864,0.0225924301,0.00560
197809,-0.014300,-0.013084864,0.0107081293,-0.027084521,0.00620
197810,-0.119100,-0.111007344,0.0472714445,-0.027731356,0.00680
197811,0.027100,0.034805808,-0.036024924,0.0352691976,0.00700
197812,0.008800,0.0235870566,0.0008301634,0.0311190321,0.00780
197901,0.042300,0.0377994821,-0.009235307,-0.016818795,0.00770
197902,-0.035600,-0.006439047,0.0135024856,-0.012701992,0.00730
197903,0.056800,0.0335658307,-0.02070673,0.0125647806,0.00810
197904,-0.000600,0.02185323,0.0044379092,0.0106012397,0.00800
197905,-0.022100,-0.00435206,0.006691111,-0.000754465,0.00820
197906,0.038500,0.0126518814,-0.001417508,-0.043574681,0.00810
197907,0.008200,0.0085308272,0.005229147,-0.018016799,0.00770
197908,0.055300,0.0219093189,-0.027127409,0.0253847237,0.00770
197909,-0.008200,-0.005928214,0.0072147881,0.0329009511,0.00830
197910,-0.081000,-0.032692709,0.0033967103,0.0282819483,0.00870
197911,0.052100,0.0225684865,-0.040573071,0.0267851888,0.00990
197912,0.017900,0.0344155088,-0.011585057,0.0328725765,0.00950
198001,0.055100,0.0292368733,0.0099803448,0.0414923754,0.00800
198002,-0.012200,-0.013996122,0.0159019254,0.0631828771,0.00890
198003,-0.129000,-0.066840339,0.006559464,-0.064354891,0.01210
198004,0.039700,0.0096934513,-0.014342116,-0.04420135,0.01260
198005,0.052600,0.0145552735,-0.011940841,-0.009460453,0.00810
198006,0.030600,0.0105800281,-0.008448785,0.0037738227,0.00610
198007,0.064900,0.0352434036,-0.031554024,0.0453549361,0.00530
198008,0.018000,0.0379719208,-0.024048989,0.0381267999,0.00640
198009,0.021900,0.0044191002,-0.04250359,0.0499620504,0.00750
198010,0.010600,0.0174674075,-0.020423317,0.0409559391,0.00950
198011,0.095900,-0.041431212,-0.07204375,0.0970704354,0.00960
198012,-0.045200,0.0012162893,0.0302006495,-0.067623791,0.01310
198101,-0.050400,0.0306365037,0.070427066,-0.044600849,0.01040
198102,0.005600,0.0030194012,0.0360408919,-0.004504024,0.01070
198103,0.035600,0.0414365978,-0.001357312,-0.00036435,0.01210
198104,-0.021000,0.060698851,0.0104696306,0.0130827559,0.01080
198105,0.001100,0.0351199514,-0.011769827,0.0151440326,0.01150
198106,-0.023600,-0.018613303,0.0485728346,-0.044906896,0.01350
198107,-0.015400,-0.037877698,-0.013084863,-0.002468332,0.01240
198108,-0.070300,-0.006357549,0.0305713005,-0.014975303,0.01280
198109,-0.071700,-0.005019187,0.0476891024,0.0015733305,0.01240
198110,0.049200,0.014420581,-0.021338036,0.0172645892,0.01210
198111,0.033600,-0.021008786,0.0184389306,-0.012517309,0.01070
198112,-0.036500,0.0248205671,0.0280419547,0.0259077941,0.00870
198201,-0.032400,0.0055916217,0.0329894383,0.0195071397,0.00800
198202,-0.058600,0.0245246482,0.0568659646,0.011411971,0.00920
198203,-0.018700,0.0050242216,0.0331914071,0.0018354658,0.00980
198204,0.032700,0.0266827222,-0.017546191,0.0245177413,0.01130
198205,-0.039900,0.0000983393,0.0225005225,0.021541221,0.01060
198206,-0.030900,0.0115971451,0.0355855268,0.0194334743,0.00960
198207,-0.031900,0.0320354623,0.0182618732,0.0501133505,0.01050
198208,0.111400,-0.045348661,-0.019366675,-0.009434054,0.00760
198209,0.012900,0.0372838225,0.031442003,0.0083598821,0.00510
198210,0.113000,0.0296574832,-0.037917083,-0.026160125,0.00590
198211,0.046700,0.0500744867,-0.010951124,0.0491012856,0.00630
198212,0.005500,-0.002963541,0.0084563975,0.0309181252,0.00670
198301,0.036000,0.014310083,-0.019213675,0.0030648692,0.00690
198302,0.025900,0.0287262826,0.0184834584,0.0334337238,0.00620
198303,0.028200,0.0143718158,0.0436328024,-0.023921764,0.00630
198304,0.066700,-0.015091629,0.0216203735,-0.008704373,0.00710
198305,0.005200,0.0500859583,-0.031935589,-0.039697403,0.00690
198306,0.030700,0.0069701598,-0.001390909,0.0499280637,0.00670
198307,-0.040700,0.0226124991,0.0425123213,-0.022403643,0.00740
198308,-0.005000,-0.045298245,0.0260499674,-0.025786534,0.00760
198309,0.009200,0.0166888678,0.0112903883,0.01034472,0.00760
198310,-0.034400,-0.035464802,0.0456087971,-0.010022674,0.00760
198311,0.021600,0.0165658979,-0.004174964,-0.018190681,0.00700
198312,-0.017800,-0.00221657,0.0455554011,-0.004624308,0.00730
198401,-0.019200,-0.013679471,0.0660665819,-0.0544225,0.00760
198402,-0.048200,-0.003739273,0.0312571155,0.0027976134,0.00710
198403,0.006300,-0.002310532,0.0243397926,-0.007395207,0.00730
198404,-0.005200,-0.00605434,0.0195646563,0.0478746281,0.00810
198405,-0.059700,0.0018789583,0.0101519859,0.048225577,0.00780
198406,0.018200,0.0046078456,-0.009900005,0.0228779675,0.00750
198407,-0.027400,-0.015004223,0.0159300519,0.0321410301,0.00820
198408,0.102800,-0.008455594,-0.036023028,-0.040796818,0.00830
198409,-0.008000,0.0053266937,0.0470600398,-0.01770771,0.00860
198410,-0.008400,-0.006384553,0.0121193347,0.0162087767,0.01000
198411,-0.017600,-0.005096302,0.0309723349,0.0004887632,0.00730
198412,0.018400,-0.000408224,-0.005782866,0.0115211449,0.00640
198501,0.079900,0.0208406522,-0.043100819,-0.023659534,0.00650
198502,0.012200,0.0083255527,0.0269276446,0.0158789971,0.00580
198503,-0.008400,-0.017513794,0.0435237671,-0.009169049,0.00620
198504,-0.009600,0.0039752865,0.0340863836,-0.012671277,0.00720
198505,0.050900,-0.017004202,0.0054962577,0.0208702631,0.00660
198506,0.012700,-0.001962866,0.0025647487,0.0196048728,0.00550
198507,-0.007400,0.0338932261,0.006750298,0.0006305057,0.00620
198508,-0.010200,0.0100920934,0.0291128485,0.0005502637,0.00550
198509,-0.045400,-0.005549517,0.0503895144,0.0227474579,0.00600
198510,0.040200,-0.017524233,0.0027095585,0.0031413719,0.00650
198511,0.064800,0.0106394258,-0.023711712,0.0221307722,0.00610
198512,0.038800,0.0009164811,-0.005056615,0.0175635973,0.00650
198601,0.006500,0.0083023628,-0.012081668,0.0067857699,0.00560
198602,0.071300,-0.006417699,0.0080973898,0.0064304892,0.00530
198603,0.048800,0.0008790993,0.010739917,0.0059232034,0.00600
198604,-0.013100,0.0349328287,-0.000071154,0.0445825596,0.00520
198605,0.046200,-0.006860792,0.0107591411,0.011979997,0.00490
198606,0.010300,-0.019358147,-0.001360478,0.0378913651,0.00520
198607,-0.064500,-0.026024693,0.0339481285,0.0225837994,0.00520
198608,0.060700,-0.031732861,0.0309692186,-0.040284112,0.00460
198609,-0.086000,0.0297245995,0.0377405067,-0.038574537,0.00450
198610,0.046600,-0.015739882,-0.022076014,0.0238311825,0.00460
198611,0.011700,-0.017335783,0.0189398476,0.0359542807,0.00390
198612,-0.032700,0.0080657735,0.0108982721,0.0068560795,0.00490
198701,0.124700,-0.008342698,-0.001572061,0.0477885607,0.00420
198702,0.043900,0.0410937591,-0.038049769,0.0161073441,0.00430
198703,0.016400,0.0128578362,0.0361144727,0.0146814924,0.00470
198704,-0.021100,-0.014922835,0.0223548274,0.0236403233,0.00440
198705,0.001100,-0.001501908,0.0114063295,0.0079356289,0.00380
198706,0.039400,-0.014832032,0.0125285339,-0.008937013,0.00480
198707,0.038500,-0.012281043,0.010126748,0.0197188922,0.00460
198708,0.035200,0.006141146,-0.008078316,0.0093790185,0.00470
198709,-0.025900,0.005364806,0.0238472532,0.0066858373,0.00450
198710,-0.232400,-0.080900856,0.0730073652,-0.017620696,0.00600
198711,-0.077700,0.0255628392,0.0159004434,-0.008764053,0.00350
198712,0.068100,0.025055389,-0.054848844,0.0665697397,0.00390
198801,0.042100,-0.008853171,0.0301041572,-0.085058548,0.00290
198802,0.047500,0.0495884937,-0.020792197,0.0174141561,0.00460
198803,-0.022700,0.0663814346,0.0119552018,0.0184847326,0.00440
198804,0.005600,0.0204892602,0.009476627,0.0159085516,0.00460
198805,-0.002900,-0.022837303,0.0224684454,-0.029915416,0.00510
198806,0.047900,0.0174201176,-0.035557635,-0.00284758,0.00490
198807,-0.012500,0.0042207113,0.0267654765,-0.026359095,0.00510
198808,-0.033100,0.0134199165,0.0282468228,-0.033439472,0.00590
198809,0.033000,-0.008760101,0.0049311569,0.0010747616,0.00620
198810,0.011500,-0.026290196,0.0241660636,0.0017353843,0.00610
198811,-0.022900,-0.004376361,0.0129018078,0.005063749,0.00570
198812,0.014900,0.0267647403,-0.018694401,0.0326552113,0.00630
198901,0.061000,-0.019182229,-0.002662299,-0.009263578,0.00550
198902,-0.022500,0.0356578882,0.0101993813,-0.004617771,0.00610
198903,0.015700,-0.007772573,0.013435034,-0.010578818,0.00670
198904,0.043300,-0.008144918,-0.01927159,0.018710873,0.00670
198905,0.033500,-0.003741565,-0.012464987,0.0102475758,0.00790
198906,-0.013500,-0.014673954,0.0233439828,-0.028172123,0.00710
198907,0.072000,-0.036950874,0.0046137314,0.0368573519,0.00700
198908,0.014400,0.0089584703,-0.005668114,-0.011646264,0.00740
198909,-0.007600,0.0153180976,0.0087108124,0.0148221396,0.00650
198910,-0.036700,-0.01838576,0.006693426,0.0461567506,0.00680
198911,0.010300,-0.009165066,0.0118771365,0.0271234268,0.00690
198912,0.011600,-0.009333341,0.014751352,0.0324780477,0.00610
199001,-0.078500,-0.012261275,0.0028783928,0.0158851531,0.00570
199002,0.011100,0.0178596231,-0.015959237,-0.008009212,0.00570
199003,0.018300,0.0194536327,-0.021026174,0.055525021,0.00640
199004,-0.033600,-0.001604985,-0.00783876,0.0389011174,0.00690
199005,0.084200,-0.013255462,-0.039954206,0.0341381771,0.00680
199006,-0.010900,0.0212907286,-0.013590717,0.0375605526,0.00630
199007,-0.019000,-0.012654164,0.0292177607,0.0389567961,0.00680
199008,-0.101500,-0.037807523,0.0486614886,0.0085630016,0.00660
199009,-0.061200,-0.025132296,0.0444727851,0.059956385,0.00600
199010,-0.019200,-0.057884665,0.0040611526,0.0709840771,0.00680
199011,0.063500,0.0172820288,-0.045650904,-0.043978447,0.00570
199012,0.024600,0.0189041684,-0.022225514,0.0089007721,0.00600
199101,0.046900,0.0375442354,-0.031420812,-0.003612491,0.00520
199102,0.071900,0.0374538398,-0.007954193,-0.036773808,0.00480
199103,0.026500,0.0198128787,-0.034920539,0.0093081605,0.00440
199104,-0.002800,-0.001100565,0.0123201225,-0.010833346,0.00530
199105,0.036500,0.0116348794,-0.003307925,-0.012594495,0.00470
199106,-0.049400,0.0029081501,0.023409824,0.0052906024,0.00420
199107,0.042400,-0.001593222,-0.015353269,0.0383931183,0.00490
199108,0.023200,0.0168966939,-0.020748803,0.0178746432,0.00460
199109,-0.015900,0.015519216,0.0050322987,0.0024265347,0.00460
199110,0.012900,0.0078798106,0.0180783622,0.0174610645,0.00420
199111,-0.041900,-0.003374659,-0.019161673,0.0403719311,0.00390
199112,0.108400,-0.013166779,-0.028602044,0.0703854157,0.00380
199201,-0.005900,0.0736387915,0.005305709,-0.050489782,0.00340
199202,0.010900,0.0157447839,0.0236646105,-0.026088665,0.00280
199203,-0.026600,-0.00626411,0.0445753728,-0.013113582,0.00340
199204,0.010700,-0.053117869,0.0635639688,-0.033343678,0.00320
199205,0.003000,0.0056653401,0.0059465706,-0.007132186,0.00280
199206,-0.023400,-0.012728779,0.0194214481,-0.024620915,0.00320
199207,0.037700,-0.002674301,0.0026967511,0.0170295562,0.00310
199208,-0.023800,0.0013757343,0.0057292256,0.0393310178,0.00260
199209,0.011900,-0.000713651,-0.001345332,0.0128480549,0.00260
199210,0.010200,0.0180553976,-0.031257971,0.0210839989,0.00230
199211,0.041300,0.0227629713,-0.037025931,-0.010526126,0.00230
199212,0.015300,0.0129098722,0.0093034663,-0.009657652,0.00280
199301,0.009300,0.0257460153,0.0225999568,-0.024731901,0.00230
199302,0.001200,-0.026370835,0.0541468817,-0.036017988,0.00220
199303,0.023000,0.0074320443,0.0078083311,0.0052804937,0.00250
199304,-0.030500,-0.004543899,0.0373175735,-0.030608181,0.00240
199305,0.028900,0.0127829153,-0.023365176,0.0227139906,0.00220
199306,0.003100,-0.012184713,0.016843268,-0.02284056,0.00250
199307,-0.003400,0.0035074752,0.038173704,-0.022555328,0.00240
199308,0.037100,0.0095094164,0.0005136919,0.0138961096,0.00250
199309,-0.001200,0.0170606168,-0.003870027,0.028140248,0.00260
199310,0.014100,0.0092422849,0.002417123,-0.001406197,0.00220
199311,-0.018900,-0.003304701,-0.006283207,-0.007526335,0.00250
199312,0.016500,0.0199854785,0.0019904141,0.0216041425,0.00230
199401,0.028700,-0.012416461,-0.002242487,-0.024575845,0.00250
199402,-0.025500,0.0272359817,-0.011889836,0.0319969069,0.00210
199403,-0.047800,0.0001224747,0.0274885414,-0.002146455,0.00270
199404,0.006800,-0.006582842,0.0094021965,-0.008405212,0.00270
199405,0.005800,-0.013481628,0.0231548891,-0.044251167,0.00310
199406,-0.030300,0.0078471923,0.038054794,-0.016662516,0.00310
199407,0.028200,-0.022425946,0.0070869714,-0.000980793,0.00280
199408,0.040100,0.0215976278,-0.035288956,0.034970781,0.00370
199409,-0.023100,0.0372687008,0.008927092,0.0353549992,0.00370
199410,0.013400,-0.005662668,-0.004832778,0.0455441937,0.00380
199411,-0.040400,0.0076149573,0.0005509485,0.0281743798,0.00370
199412,0.008600,0.0007002544,0.0119227723,0.0213106428,0.00440
199501,0.018000,-0.029075357,0.0101010018,-0.01928484,0.00420
199502,0.036300,-0.001329367,-0.002609692,-0.015807673,0.00400
199503,0.021900,-0.00485749,-0.000788881,0.0222256167,0.00460
199504,0.021100,0.0064875157,0.0177789916,-0.003072607,0.00440
199505,0.029000,-0.025148551,0.0231914798,-0.028655625,0.00540
199506,0.027200,0.0157380648,-0.037411318,0.0312932313,0.00470
199507,0.037200,0.0137041886,-0.036759645,0.0254615146,0.00450
199508,0.005500,0.0223660768,0.0203075917,-0.044629741,0.00470
199509,0.033500,-0.017581674,0.0157113088,0.0097143268,0.00430
199510,-0.015200,-0.028142471,0.0388193002,0.0510380296,0.00470
199511,0.039600,-0.011130771,0.0131570669,-0.00610311,0.00420
199512,0.010300,0.0022561014,0.0402184492,-0.015864639,0.00490
199601,0.022600,-0.015197594,0.0258524404,-0.02690858,0.00430
199602,0.013300,0.0265611127,-0.018708325,0.0322683361,0.00390
199603,0.007300,0.0034226468,0.0034085153,0.0012650946,0.00390
199604,0.020600,0.0276555872,-0.060907129,0.0326440595,0.00460
199605,0.023600,0.0167418545,-0.008881892,0.0231231089,0.00420
199606,-0.011400,-0.020007571,0.0462452041,0.0008709121,0.00400
199607,-0.059700,-0.015578781,0.0648373177,0.0122612125,0.00450
199608,0.027700,0.0222493046,-0.037854236,-0.006395874,0.00410
199609,0.050100,-0.010242902,-0.021434574,0.0200646125,0.00440
199610,0.008600,-0.022370887,0.0593690306,0.0095226298,0.00420
199611,0.062500,-0.042159562,0.0066958104,0.0033371561,0.00410
199612,-0.017000,0.042814358,0.0191268321,0.0003573654,0.00460
199701,0.049800,-0.001739572,0.004405051,0.0341918164,0.00450
199702,-0.004900,-0.016976137,0.068139613,-0.035575849,0.00390
199703,-0.050200,0.0056032349,0.0386859046,-0.008740746,0.00430
199704,0.040400,-0.042613185,0.0224590092,0.0247813133,0.00430
199705,0.067400,0.0426766784,-0.055651837,-0.021717355,0.00490
199706,0.041000,0.0092142781,0.008275387,0.0122574862,0.00370
199707,0.073300,-0.021358461,-0.01114758,0.0069273108,0.00430
199708,-0.041500,0.0763795229,-0.0094362,-0.005904784,0.00410
199709,0.053500,0.0210002663,-0.008293199,-0.016860719,0.00440
199710,-0.038000,0.0052254237,0.0182018979,-0.033375876,0.00420
199711,0.029800,-0.04313724,0.0440627877,0.01430382,0.00390
199712,0.013200,-0.003711583,0.0319374248,-0.004171916,0.00480
199801,0.001500,-0.012468202,-0.006583635,0.0193692395,0.00430
199802,0.070400,0.0098093289,-0.01641993,-0.005199028,0.00390
199803,0.047600,-0.025925981,-0.010258685,-0.019048066,0.00390
199804,0.007300,0.0050207187,0.0081866699,-0.003479149,0.00430
199805,-0.030700,-0.021677943,0.0387388228,0.0138976645,0.00400
199806,0.031800,-0.027600555,-0.004367509,0.0755707003,0.00410
199807,-0.024600,-0.047483879,0.0316128789,0.0059393067,0.00400
199808,-0.160800,-0.022614265,0.0686011113,0.0636333134,0.00430
199809,0.061500,-0.015104947,-0.005883513,0.0065061239,0.00460
199810,0.071300,-0.030023118,-0.009305921,-0.045958929,0.00320
199811,0.061000,0.0074201656,-0.000930804,-0.003312724,0.00310
199812,0.061600,-0.023133171,-0.018323473,0.0898708474,0.00380
199901,0.035000,0.0039721184,-0.034341266,-0.026181047,0.00350
199902,-0.040800,-0.050702847,0.0363991497,-0.030641704,0.00350
199903,0.034500,-0.045282016,-0.020418591,-0.021766263,0.00430
199904,0.043300,0.0180332733,0.0069057771,-0.096749665,0.00370
199905,-0.024600,0.0605366181,0.0245449312,0.0070992187,0.00340
199906,0.047700,0.0113358218,-0.005442724,0.0375648484,0.00400
199907,-0.034700,0.0259659717,0.0461921363,-0.004015846,0.00380
199908,-0.013800,-0.012865788,0.0330283703,0.0322710561,0.00390
199909,-0.028100,0.0066002786,0.0011775265,0.0635946298,0.00390
199910,0.061300,-0.064486118,-0.017775378,-0.007499201,0.00390
199911,0.033700,0.0522800577,-0.043749552,0.0660772557,0.00360
199912,0.077200,0.0368637222,-0.03228556,0.1054244217,0.00440
200001,-0.047400,0.0374914893,0.0120187773,-0.025193896,0.00410
200002,0.024500,0.1603643193,-0.078095031,0.0784819981,0.00430
200003,0.052000,-0.089147454,0.0021887682,-0.005140119,0.00470
200004,-0.064000,-0.038701568,0.0448778595,0.0269237088,0.00460
200005,-0.044200,-0.043940182,0.0772724976,-0.036916119,0.00500
200006,0.046400,0.0928592396,-0.078659486,0.0253210973,0.00400
200007,-0.025100,-0.008489919,0.0602138968,0.0111237446,0.00480
200008,0.070300,0.0246163514,-0.007291048,-0.004012472,0.00500
200009,-0.054500,-0.019415356,0.0546433888,-0.008309891,0.00510
200010,-0.027600,-0.025091956,0.075404764,0.0923490089,0.00560
200011,-0.107200,0.0029841605,0.1244131343,0.1485357514,0.00510
200012,0.011900,0.034428019,0.0596384435,0.007329443,0.00500
200101,0.031300,0.0365824007,-0.073960202,-0.158411517,0.00540
200102,-0.100500,0.0371983101,0.1458304217,0.1852235042,0.00380
200103,-0.072600,0.0335973006,0.076805088,0.1187296576,0.00420
200104,0.079400,0.0100340493,-0.089322567,-0.063087101,0.00390
200105,0.007200,0.0396652748,0.0359148188,0.0041383822,0.00320
200106,-0.019400,0.0608006259,0.0236575147,0.0000879241,0.00280
200107,-0.021300,-0.005239289,0.0685895354,0.0843647128,0.00300
200108,-0.064600,0.0559027032,0.0727975903,0.0701247112,0.00310
200109,-0.092500,-0.051235538,0.0732797304,0.1181183218,0.00280
200110,0.024600,0.0316498382,-0.072361958,-0.044823247,0.00220
200111,0.075400,-0.012185823,-0.03111605,-0.052835307,0.00170
200112,0.016100,0.0466544592,-0.007364704,0.0027188121,0.00150
200201,-0.014400,0.0121786909,0.0605431954,0.074430458,0.00140
200202,-0.022900,0.0143493822,0.0559356597,0.0644421776,0.00130
200203,0.042400,0.04042427,-0.031108685,-0.049959269,0.00130
200204,-0.052000,0.0773527313,0.0425481864,0.054168762,0.00150
200205,-0.013800,-0.03527491,0.0280928481,0.030859287,0.00140
200206,-0.072100,0.0345432899,0.0330488689,0.0482587349,0.00130
200207,-0.081800,-0.05944872,0.0467993667,0.0308261285,0.00150
200208,0.005000,0.0230646489,0.0050710162,0.0128535004,0.00140
200209,-0.103500,0.0465036785,-0.005859379,0.0582353045,0.00140
200210,0.078400,-0.030045514,0.0054106247,0.0028116233,0.00140
200211,0.059600,0.0005622364,0.0127443335,-0.0922034,0.00120
200212,-0.057600,0.0228478578,-0.002190628,0.0490805403,0.00110
200301,-0.025700,0.0041037561,0.0198395828,0.0120291971,0.00100
200302,-0.018800,0.0003516968,0.0167526832,0.0123965023,0.00090
200303,0.010900,0.0151859347,-0.011851198,0.0248803927,0.00100
200304,0.082200,0.0008253129,0.0006045163,-0.067367559,0.00100
200305,0.060500,0.0205761774,-0.023816489,-0.052971104,0.00090
200306,0.014200,0.0189584956,-0.019198312,0.0131636207,0.00100
200307,0.023500,0.0448669596,0.0125210656,-0.016009896,0.00070
200308,0.023400,0.0192728817,-0.021367494,0.0186343769,0.00070
200309,-0.012400,-0.001304697,0.0250606722,-0.022197677,0.00080
200310,0.060800,0.0265321835,0.0000564452,0.0112462125,0.00070
200311,0.013500,0.0183152678,0.0074149672,0.0022785219,0.00070
200312,0.042900,-0.01822537,-0.006095739,-0.051237096,0.00080
200401,0.021500,0.0254207511,0.0140500135,-0.014992531,0.00070
200402,0.014000,-0.008870475,-0.011842429,-0.015520007,0.00060
200403,-0.013200,0.0169890949,-0.015236307,0.007093203,0.00090
200404,-0.018300,-0.027976848,-0.023659239,-0.004240986,0.00080
200405,0.011700,0.011373791,0.0030304364,0.0098592972,0.00060
200406,0.018600,0.0272027752,0.0089528218,0.0169500208,0.00080
200407,-0.040600,-0.03296997,0.0227342197,-0.012302229,0.00100
200408,0.000800,-0.016504403,0.0064875809,-0.046368288,0.00110
200409,0.016000,0.0361756087,-0.026785935,0.0333301812,0.00110
200410,0.014300,0.0052061522,0.0130173556,-0.008756816,0.00110
200411,0.045400,0.0366536737,-0.012661103,0.0000136552,0.00150
200412,0.034300,-0.010167712,-0.007979013,-0.017346167,0.00160
200501,-0.027600,-0.008402652,0.0088457941,0.0202265691,0.00160
200502,0.018900,0.0070096414,-0.016318126,0.0375771629,0.00160
200503,-0.019700,-0.012645999,0.010870094,0.0336362082,0.00210
200504,-0.026100,-0.04108252,-0.007066906,-0.003488775,0.00210
200505,0.036500,0.0264942526,0.0038068501,0.0161187404,0.00240
200506,0.005700,0.0299612157,-0.000590392,-0.018016732,0.00230
200507,0.039200,0.025721108,-0.011802175,-0.00112746,0.00240
200508,-0.012200,-0.005393565,-0.000057521,0.0082657621,0.00300
200509,0.004900,-0.01356536,-0.005591619,0.017733369,0.00290
200510,-0.020200,-0.017169294,0.0135339502,-0.018283769,0.00270
200511,0.036100,0.0059014036,-0.00869905,0.0153992023,0.00310
200512,-0.002500,-0.011124147,-0.013217635,-0.009359613,0.00320
200601,0.030400,0.0657498957,-0.039937464,0.0113580822,0.00350
200602,-0.003000,-0.011630181,0.0271107608,-0.015108193,0.00340
200603,0.014600,0.0216926484,-0.02040857,0.0278106105,0.00370
200604,0.007300,-0.020454184,-0.006377756,0.0056871707,0.00360
200605,-0.035700,-0.026358959,0.0244827942,-0.035627218,0.00430
200606,-0.003500,-0.019539716,-0.006860615,0.0093874193,0.00400
200607,-0.007800,-0.020257171,0.0317146006,-0.012601456,0.00400
200608,0.020300,0.0097433062,0.0133003156,-0.020607577,0.00420
200609,0.018400,-0.009272488,0.0121710197,0.0015288091,0.00410
200610,0.032300,0.0190954983,-0.011926778,-0.002587309,0.00410
200611,0.017100,0.0036616888,-0.013287407,-0.010828516,0.00420
200612,0.008700,-0.002477763,0.0185519198,-0.007877374,0.00400
200701,0.014000,-0.002971536,-0.008505698,0.0008658196,0.00440
200702,-0.019600,0.0067944676,-0.011571507,0.0015326036,0.00380
200703,0.006800,0.006293618,-0.01531652,0.0455119788,0.00430
200704,0.034900,-0.014020707,-0.004013446,0.0097373069,0.00440
200705,0.032400,0.0056974588,-0.000670298,0.0126998113,0.00410
200706,-0.019600,0.0078694299,-0.015679396,0.0211235079,0.00400
200707,-0.037300,-0.024984601,-0.023332276,0.0669002999,0.00400
200708,0.009200,0.0026891172,-0.012126681,-0.005248513,0.00420
200709,0.032200,-0.026164551,-0.038511332,0.0352125078,0.00320
200710,0.018000,0.0067600271,-0.004639503,0.080784263,0.00320
200711,-0.048300,-0.031540051,0.0134296701,0.0655013981,0.00340
200712,-0.008700,0.0096564395,-0.016383066,0.0687117337,0.00270
200801,-0.063600,-0.015625485,0.0452722525,-0.091241273,0.00210
200802,-0.030900,0.0054552761,-0.016993982,0.1026234643,0.00130
200803,-0.009300,0.0095402772,0.0006200739,0.0498737044,0.00170
200804,0.046000,0.0004592372,-0.017222807,0.0191222309,0.00180
200805,0.018600,0.0285483099,-0.052229417,0.0877023993,0.00180
200806,-0.084400,-0.011965484,-0.057946917,0.1543530599,0.00170
200807,-0.007700,0.0298636915,0.0679425851,-0.07244668,0.00150
200808,0.015300,0.029965192,0.0264885181,-0.00812077,0.00130
200809,-0.092400,0.0019474707,0.0579251371,-0.004028502,0.00150
200810,-0.172300,-0.03265002,0.0446490598,0.1003464428,0.00080
200811,-0.078600,-0.021409345,0.0170413613,0.1171162485,0.00030
200812,0.017400,0.0338252829,0.0064590592,-0.020510333,0.00000
200901,-0.081200,-0.009215459,-0.068253034,0.101565773,0.00000
200902,-0.101000,-0.004356365,-0.016991424,0.1112504797,0.00010
200903,0.089500,0.0166033588,0.0175539755,-0.059077928,0.00020
200904,0.101900,0.0635888953,-0.013631719,-0.214543975,0.00010
200905,0.052100,-0.014107209,-0.048459825,-0.075219713,0.00000
200906,0.004300,0.0247161021,0.0130538802,0.0473786015,0.00010
200907,0.077200,0.0127660201,0.0184072799,-0.08417254,0.00010
200908,0.033300,-0.005316569,0.0016310617,-0.097095586,0.00010
200909,0.040800,0.0116548096,-0.014151563,-0.027339017,0.00010
200910,-0.025900,-0.034369125,0.0169275511,0.0633464857,0.00000
200911,0.055600,-0.038602294,0.0003632629,0.0002991807,0.00000
200912,0.027500,0.0590656366,-0.007740542,0.0242536214,0.00010
201001,-0.033600,-0.004492266,0.0056707895,-0.076663948,0.00000
201002,0.034000,0.0124779889,0.0109609177,0.0101131923,0.00000
201003,0.063100,0.0181031683,-0.009944807,-0.007991924,0.00010
201004,0.020000,0.0397754234,0.0091441154,-0.036411668,0.00010
201005,-0.078900,0.0094505434,0.0075208623,0.0318566985,0.00010
201006,-0.055600,-0.023583855,-0.010836559,0.0319243424,0.00010
201007,0.069300,-0.005626887,0.0169588588,-0.00639466,0.00010
201008,-0.047700,-0.032385384,-0.020008919,0.0384791681,0.00010
201009,0.095400,0.0440455752,-0.006255426,0.0267435198,0.00010
201010,0.038800,-0.000069569,0.0000610376,0.0309060323,0.00010
201011,0.006000,0.0246813092,0.0079234305,0.0199284036,0.00010
201012,0.068200,0.010461561,-0.005846706,-0.081114329,0.00010
201101,0.019900,-0.016579433,-0.000944539,-0.009755368,0.00010
201102,0.034900,0.0266502149,0.0028523628,0.0130091615,0.00010
201103,0.004500,0.0149920908,-0.005904374,0.0302001555,0.00010
201104,0.029000,-0.008099881,0.0225953518,0.0388108286,0.00000
201105,-0.012700,-0.009513398,0.0078382285,0.012946321,0.00000
201106,-0.017500,0.001482928,0.0038782242,0.0210890579,0.00000
201107,-0.023600,-0.006865029,-0.007614022,0.0258980129,0.00000
201108,-0.059900,-0.030899782,0.0146357552,0.0595885942,0.00010
201109,-0.075900,-0.037540558,0.0368902921,0.0485748375,0.00000
201110,0.113500,0.0445395679,-0.011007334,-0.038147269,0.00000
201111,-0.002800,-0.00301764,0.0186962527,0.035845647,0.00000
201112,0.007400,0.0068122615,0.0200850248,-0.011518511,0.00000
201201,0.050500,0.0163211925,-0.040850458,-0.0641423,0.00000
201202,0.044200,-0.003907284,-0.020453145,-0.019826725,0.00000
201203,0.031100,0.0017519254,0.0167508062,-0.020597464,0.00000
201204,-0.008500,-0.014267255,0.011369702,0.0291774217,0.00000
201205,-0.061900,-0.006438245,0.0165092943,0.0492785549,0.00010
201206,0.038900,0.0158377001,0.021698565,-0.023585578,0.00000
201207,0.007900,-0.024844395,-0.015704907,0.0234525304,0.00000
201208,0.025500,0.0165922723,-0.019874322,-0.02509883,0.00010
201209,0.027300,0.0101634858,0.0116295703,-0.022208088,0.00010
201210,-0.017600,-0.002163566,0.0226402052,-0.030765386,0.00010
201211,0.007800,0.0174961139,0.0020601043,0.0350031684,0.00010
201212,0.011800,0.0132085182,0.0039338125,-0.035002374,0.00010
201301,0.055700,0.0056373723,0.0344280659,-0.031431865,0.00000
201302,0.012900,0.0001821766,0.0168739069,-0.003627658,0.00000
201303,0.040300,0.0048376875,0.0119224263,-0.021108394,0.00000
201304,0.015500,-0.01640406,0.0082473481,-0.002793097,0.00000
201305,0.028000,0.0139620915,0.005525752,-0.025927051,0.00000
201306,-0.012000,0.0077532592,0.0171966441,-0.015936961,0.00000
201307,0.056500,0.0255279448,0.0036570248,-0.018764054,0.00000
201308,-0.027100,-0.001581515,-0.031220064,0.010243683,0.00000
201309,0.037700,0.0274689189,-0.013322198,0.0138915003,0.00000
201310,0.041800,-0.018557335,0.0064423169,0.0346578685,0.00000
201311,0.031200,0.0174884333,0.0099571614,-0.01314879,0.00000
201312,0.028100,0.0057397244,-0.003993397,-0.007755482,0.00000
201401,-0.033200,-0.00056259,-0.028505979,-0.015802679,0.00000
201402,0.046500,0.0041131137,-0.002438791,0.006478154,0.00000
201403,0.004300,-0.004958916,0.0322468957,-0.001080618,0.00000
201404,-0.001900,-0.037372224,0.0042522229,-0.00038278,0.00000
201405,0.020600,-0.014065286,-0.018046375,0.0016251686,0.00000
201406,0.026100,0.0180375514,-0.023029315,-0.02233551,0.00000
201407,-0.020400,-0.033938857,0.0126381417,0.0058641246,0.00000
201408,0.042400,0.0156140874,-0.009449883,-0.006436812,0.00000
201409,-0.019700,-0.023342385,0.0173989636,0.0127120925,0.00000
201410,0.025200,0.0546446446,0.0100098097,0.0013880384,0.00000
201411,0.025500,-0.014832506,0.0229381099,0.0552872537,0.00000
201412,-0.000600,0.0199559489,0.0114374263,-0.000035138,0.00000
201501,-0.031100,-0.027071346,-0.02267783,0.0506156168,0.00000
201502,0.061300,0.0244545355,-0.01238747,-0.030025672,0.00000
201503,-0.011200,0.0214472111,-0.019165685,0.0059636589,0.00000
201504,0.005900,-0.025993228,0.0081779188,-0.041800189,0.00000
201505,0.013600,0.0141289758,-0.004976481,0.0107703476,0.00000
201506,-0.015300,0.0301468633,-0.007182971,0.0038740227,0.00000
201507,0.015400,-0.033970086,0.0041917215,0.0705822564,0.00000
201508,-0.060400,-0.006840288,0.0072534473,0.01326857,0.00000
201509,-0.030800,-0.02284609,0.0372837704,0.0790260078,0.00000
201510,0.077500,-0.022708242,0.02401984,-0.006116477,0.00000
201511,0.005600,0.0288509945,-0.002080294,-0.009790558,0.00000
201512,-0.021700,-0.031398387,0.0174583477,0.0470685971,0.00010
201601,-0.057700,-0.031991936,0.0315136921,0.1102032362,0.00010
201602,-0.000700,-0.000619121,0.0145889517,0.0236680175,0.00020
201603,0.069600,0.0002614457,-0.009720493,-0.049963854,0.00020
201604,0.009200,0.0009707995,-0.004983625,-0.108024702,0.00010
201605,0.017800,-0.003705109,-0.014277605,0.0021080378,0.00010
201606,-0.000500,-0.013743256,-0.005873802,0.0456037756,0.00020
201607,0.039500,0.0393885794,-0.002730178,-0.018868393,0.00020
201608,0.005000,0.0254441259,0.0185473851,-0.049411208,0.00020
201609,0.002500,0.0131343629,-0.009429824,-0.021727865,0.00020
201610,-0.020200,-0.018152942,0.0324433534,0.0200088411,0.00020
201611,0.048600,0.0604554117,0.0489806227,-0.076984654,0.00010
201612,0.018200,0.0169272098,0.0045338273,0.0048585982,0.00030
